Robert;189
Daniel;164
Martin;155
David;149
Ivan;140
Anton;134
Alexander;133
Peter;133
Albert;132
Michael;126
Igor;124
Viktor;124
Boris;123
Paul;118
Denis;115
Emil;115
Vladimir;112
Thomas;111
Roman;108
Richard;107
Victor;107
Simon;101
Stefan;98
Eduard;96
Roland;96
Mario;95
Frank;92
Alfred;91
Karl;91
Mark;91
Patrick;91
Christian;90
Hans;87
Valentin;86
Bruno;85
Erik;82
John;81
Stanislav;81
Roger;78
Artur;77
Jan;77
Marcel;77
Rudolf;77
Andreas;76
Pavel;76
Eric;75
Walter;75
Leo;74
Marko;73
Harry;71
Marc;71
Ivo;70
Milan;70
Henry;68
Joseph;68
Bernard;67
Oleg;67
Raymond;67
Arthur;66
Konstantin;65
William;65
Gabriel;64
Herbert;63
Kurt;63
Charles;62
Norbert;62
Vladislav;62
Benjamin;61
Hugo;61
Otto;61
Ronald;61
Marco;60
Mirko;60
Miroslav;60
Adam;58
Edgar;58
Ernest;58
Johannes;58
Louis;58
Filip;57
Maxim;57
Arnold;56
Samuel;56
Valeri;56
Eugen;55
George;55
Nikolai;55
Vincent;55
Dan;54
Werner;54
Bogdan;53
Edward;53
Kevin;53
Maksim;53
Max;53
Philip;53
Ruslan;53
Ali;52
Ferdinand;52
Jakob;52
Jonathan;52
Nikola;52
Tom;52
Oliver;51
Aleksandar;50
Dennis;50
Ilija;50
Nikolaj;50
Rafael;50
Vitali;50
Carl;49
Kenneth;49
Maurice;49
Rolf;49
Axel;48
Georg;48
James;48
Leonid;48
Markus;48
Vadim;48
Alan;47
Ernst;47
Guy;47
Hasan;47
Jens;47
Klaus;47
Michel;47
Mikhail;47
Nikolay;47
Zoran;47
Anatoli;46
Goran;46
Gunnar;46
Harald;46
Joachim;46
Johan;46
Juri;46
Petar;46
Roy;46
Henrik;45
Manuel;45
Ralph;45
Samir;45
Sven;45
Willy;45
Yuri;45
Adrian;44
Aleksey;44
Christopher;44
Edmond;44
Henri;44
Mustafa;44
Anthony;43
Arne;43
Branko;43
Felix;43
Francis;43
Gerhard;43
Hubert;43
Ilya;43
Jacob;43
Johnny;43
Marius;43
Tim;43
Brian;42
Dejan;42
Michail;42
Pierre;42
Andrej;41
Edwin;41
Erwin;41
Guido;41
Marcus;41
Slavko;41
Emanuel;40
Evgeni;40
Gilbert;40
Manfred;40
Stephan;40
Steven;40
Vasil;40
Zlatko;40
Bojan;39
Darko;39
Florian;39
Fred;39
Gert;39
Leon;39
Slobodan;39
Tommy;39
Tony;39
Zdravko;39
Allan;38
Gerald;38
Hermann;38
Leonard;38
Valery;38
Gustav;37
Heinz;37
Jack;37
Jordan;37
Lars;37
Mihail;37
Mladen;37
Nicolas;37
Radovan;37
Ruben;37
Sebastian;37
Tomislav;37
Adnan;36
Alexandr;36
Cyril;36
Ibrahim;36
Jovan;36
Julian;36
Mathias;36
Mikael;36
Ronny;36
Carlo;35
Georgi;35
Helmut;35
Josef;35
Nils;35
Pascal;35
Sami;35
Stephen;35
Stojan;35
Yuriy;35
Alexandre;34
Amir;34
Andrei;34
August;34
Branislav;34
Dmitriy;34
Erich;34
Jacques;34
Jurij;34
Marin;34
Stanko;34
Wolfgang;34
Alfons;33
Antonio;33
Damir;33
Dragan;33
Egon;33
Enver;33
Gerard;33
Ilja;33
Jimmy;33
Kamil;33
Ljubomir;33
Luc;33
Nenad;33
Niko;33
Olaf;33
Philippe;33
Roberto;33
Valeriy;33
Vitaliy;33
Wilhelm;33
Yury;33
Ahmet;32
Aleksej;32
Alexei;32
Anatoly;32
Antoine;32
Aziz;32
Claude;32
Drago;32
Emin;32
Ervin;32
Freddy;32
Fritz;32
Herman;32
Ismet;32
Joel;32
Matthias;32
Mike;32
Milorad;32
Muhamed;32
Murat;32
Radoslav;32
Rainer;32
Rasim;32
Sergey;32
Vlado;32
Adem;31
Aleksander;31
Aleksei;31
Alexey;31
Alois;31
Arno;31
Benny;31
Danilo;31
Dirk;31
Jim;31
Marian;31
Oskar;31
Osman;31
Valerij;31
Vyacheslav;31
Xavier;31
Alain;30
Alex;30
Alex;30
Alexej;30
Armand;30
Bernd;30
Bernhard;30
Dalibor;30
Dieter;30
Holger;30
Julius;30
Marjan;30
Musa;30
Ralf;30
Ramiz;30
Renato;30
Romeo;30
Tihomir;30
Wilfried;30
Adil;29
Anatoliy;29
Andrew;29
Andrey;29
Arif;29
Chris;29
Faruk;29
Gennadi;29
Ilia;29
Ivica;29
Janko;29
Kristian;29
Ladislav;29
Mile;29
Rudi;29
Serge;29
Valter;29
Velimir;29
Albin;28
Andre;28
Armin;28
Dmitrij;28
Einar;28
Evgeny;28
Georges;28
Gregor;28
Jakov;28
Jon;28
Kai;28
Lev;28
Marek;28
Oscar;28
Per;28
Rade;28
Risto;28
Simeon;28
Tahir;28
Tobias;28
Vasili;28
Alberto;27
Aleksandr;27
Armando;27
Artem;27
Bert;27
Davor;27
Dmitri;27
Donald;27
Edmund;27
Elmar;27
Fernando;27
Franz;27
Grigori;27
Hannes;27
Heinrich;27
Jason;27
Jevgeni;27
Jovo;27
Justin;27
Kiril;27
Lucas;27
Miguel;27
Miodrag;27
Olivier;27
Rajko;27
Rene;27
Sergei;27
Theo;27
Ulrich;27
Yves;27
Aaron;26
Borislav;26
Carlos;26
Christophe;26
Claus;26
Dmitry;26
Dragutin;26
Etienne;26
Heino;26
Henning;26
Ismail;26
Iwan;26
Laurent;26
Nicolai;26
Niels;26
Ratko;26
Theodor;26
Thierry;26
Timo;26
Ulf;26
Adolf;25
Damien;25
Dimitri;25
Dragomir;25
Emmanuel;25
Enes;25
Fadil;25
Faik;25
Friedrich;25
Fuad;25
Giovanni;25
Gregory;25
Horst;25
Jani;25
Karel;25
Konrad;25
Kosta;25
Lucien;25
Luka;25
Milenko;25
Radomir;25
Toni;25
Vojislav;25
Yevgeni;25
Angelo;24
Christoph;24
Edvard;24
Ewald;24
Fabrice;24
Feliks;24
Fernand;24
Gennadiy;24
Grigoriy;24
Jaroslav;24
Joe;24
Jonas;24
Kenan;24
Marijan;24
Naim;24
Reinhard;24
Ronnie;24
Siegfried;24
Teodor;24
Tomas;24
Vitaly;24
Zdenko;24
Anatolij;23
Andrija;23
Aron;23
Branimir;23
Didier;23
Dragoljub;23
Erling;23
Evgeniy;23
Glenn;23
Ian;23
Iosif;23
Islam;23
Jorge;23
Julien;23
Leif;23
Leopold;23
Mihajlo;23
Nicholas;23
Patrik;23
Pawel;23
Petr;23
Predag;23
Raphael;23
Torsten;23
Vassili;23
Vitalij;23
Vjacheslav;23
Wladimir;23
Abdul;22
Ahmed;22
Alfredo;22
Anders;22
Arben;22
Ari;22
Asim;22
Carsten;22
Eddy;22
Elvis;22
Frans;22
Gennadij;22
Gennady;22
Geoffrey;22
Hilmar;22
Ivar;22